index,time,phase,station,probability
2024000261,2024-03-20 10:24:48.960,P,FUOR,1.0
2024000261,2024-03-20 10:24:54.800,P,VDL,1.0
2024000261,2024-03-20 10:25:03.070,S,VDL,1.0
2024000283,2024-03-27 21:19:48.440,P,A300,1.0
2024000283,2024-03-27 21:19:54.980,P,SAVD,1.0
2024000283,2024-03-27 21:19:58.690,S,A300,1.0
2024000283,2024-03-27 21:20:05.280,P,SOKA,1.0
2024000283,2024-03-27 21:20:05.820,P,RIY,1.0
2024000283,2024-03-27 21:20:09.570,P,DOBS,1.0
2024000283,2024-03-27 21:20:10.200,P,FUOR,1.0
2024000283,2024-03-27 21:20:10.830,P,BOJS,1.0
2024000283,2024-03-27 21:20:12.710,P,BERN,1.0
2024000283,2024-03-27 21:20:16.410,P,LMD,1.0
2024000283,2024-03-27 21:20:19.080,P,TUE,1.0
2024000283,2024-03-27 21:20:22.380,P,MUGI,1.0
2024000286,2024-03-27 21:46:14.840,P,SOKA,1.0
2024000286,2024-03-27 21:46:18.510,P,FUOR,1.0
2024000286,2024-03-27 21:46:19.570,P,BOJS,1.0
2024000306,2024-03-28 02:36:26.230,P,A300,1.0
2024000306,2024-03-28 02:36:44.790,P,SOKA,1.0
2024000306,2024-03-28 02:36:48.580,P,FUOR,1.0
2024000327,2024-03-28 20:12:02.220,P,TUE,1.0
2024000333,2024-03-29 03:46:58.080,P,SAVD,1.0
2024000333,2024-03-29 03:47:11.690,P,FUOR,1.0
2024000348,2024-03-31 01:57:07.260,P,FUOR,1.0
2024000360,2024-04-01 15:08:15.780,P,SAVD,1.0
2024000361,2024-04-01 20:07:36.940,P,BOJS,1.0
2024000363,2024-04-02 03:36:28.900,P,SAVD,1.0
2024000363,2024-04-02 03:36:38.550,P,SOKA,1.0
2024000363,2024-04-02 03:36:41.780,S,SAVD,1.0
2024000363,2024-04-02 03:36:42.170,P,FUOR,1.0
2024000389,2024-04-07 03:10:44.470,P,BOJS,1.0
2024000396,2024-04-08 05:19:24.250,P,BERN,1.0
2024000396,2024-04-08 05:19:26.790,P,MUGI,1.0
2024000396,2024-04-08 05:19:35.850,S,BERN,1.0
2024000396,2024-04-08 05:19:40.710,S,MUGI,1.0
2024000397,2024-04-08 11:09:27.780,P,FUOR,1.0
2024000397,2024-04-08 11:09:30.340,S,FUOR,1.0
2024000397,2024-04-08 11:09:31.600,P,BERN,1.0
2024000397,2024-04-08 11:09:33.070,P,DAVO,1.0
2024000397,2024-04-08 11:09:36.790,S,BERN,1.0
2024000397,2024-04-08 11:09:39.540,S,DAVO,1.0
2024000400,2024-04-09 07:05:10.780,P,FUOR,1.0
2024000400,2024-04-09 07:05:13.380,S,FUOR,1.0
2024000400,2024-04-09 07:05:14.430,P,BERN,1.0
2024000400,2024-04-09 07:05:19.960,S,BERN,1.0
2024000407,2024-04-10 07:13:14.480,P,FUOR,1.0
2024000407,2024-04-10 07:13:17.070,S,FUOR,1.0
2024000407,2024-04-10 07:13:20.270,P,DAVO,1.0
2024000407,2024-04-10 07:13:26.430,S,DAVO,1.0
2024000413,2024-04-11 04:33:05.480,P,BOJS,1.0
2024000413,2024-04-11 04:33:15.440,S,BOJS,1.0
2024000416,2024-04-11 12:24:43.210,P,BOJS,1.0
2024000416,2024-04-11 12:24:53.260,S,BOJS,1.0
2024000417,2024-04-11 17:28:08.590,P,FUOR,1.0
2024000417,2024-04-11 17:28:18.310,S,FUOR,1.0
2024000420,2024-04-11 23:48:16.660,P,BOJS,1.0
2024000420,2024-04-11 23:48:27.480,S,BOJS,1.0
2024000421,2024-04-12 12:55:36.490,P,LMD,1.0
2024000424,2024-04-13 05:07:32.070,P,FUOR,1.0
2024000429,2024-04-13 15:47:06.690,P,MUGI,1.0
2024000429,2024-04-13 15:47:08.970,P,TUE,1.0
2024000429,2024-04-13 15:47:11.800,P,DAVO,1.0
2024000429,2024-04-13 15:47:16.460,S,MUGI,1.0
2024000442,2024-04-15 23:19:22.070,P,RIY,1.0
2024000442,2024-04-15 23:19:24.880,S,RIY,1.0
2024000442,2024-04-15 23:19:30.750,P,BOJS,1.0
2024000442,2024-04-15 23:19:40.000,S,BOJS,1.0
2024000444,2024-04-15 23:31:38.730,P,RIY,1.0
2024000444,2024-04-15 23:31:41.360,S,RIY,1.0
2024000444,2024-04-15 23:31:47.440,P,BOJS,1.0
2024000444,2024-04-15 23:31:56.480,S,BOJS,1.0
2024000445,2024-04-16 00:39:16.060,P,RIY,1.0
2024000447,2024-04-16 02:42:29.650,P,RIY,1.0
2024000447,2024-04-16 02:42:32.450,S,RIY,1.0
2024000451,2024-04-17 00:43:21.430,P,RIY,1.0
2024000451,2024-04-17 00:43:24.170,S,RIY,1.0
2024000452,2024-04-17 02:30:01.130,P,RIY,1.0
2024000452,2024-04-17 02:30:03.970,S,RIY,1.0
2024000452,2024-04-17 02:30:09.780,P,BOJS,1.0
2024000452,2024-04-17 02:30:18.870,S,BOJS,1.0
2024000455,2024-04-17 05:41:43.390,P,RIY,1.0
2024000455,2024-04-17 05:41:46.240,S,RIY,1.0
2024000455,2024-04-17 05:41:51.840,P,BOJS,1.0
2024000456,2024-04-17 05:42:47.980,P,BOJS,1.0
2024000456,2024-04-17 05:42:57.070,S,BOJS,1.0
2024000457,2024-04-17 07:34:26.660,P,RIY,1.0
2024000457,2024-04-17 07:34:29.400,S,RIY,1.0
2024000458,2024-04-17 08:12:45.580,P,RIY,1.0
2024000458,2024-04-17 08:12:48.430,S,RIY,1.0
2024000458,2024-04-17 08:12:53.050,P,SAVD,1.0
2024000458,2024-04-17 08:12:53.810,P,BOJS,1.0
2024000458,2024-04-17 08:13:02.530,S,SAVD,1.0
2024000462,2024-04-17 19:03:43.490,P,RIY,1.0
2024000462,2024-04-17 19:03:46.420,S,RIY,1.0
2024000462,2024-04-17 19:03:50.950,P,SAVD,1.0
2024000462,2024-04-17 19:03:51.930,P,BOJS,1.0
2024000462,2024-04-17 19:04:00.200,S,SAVD,1.0
2024000462,2024-04-17 19:04:00.250,P,DOBS,1.0
2024000463,2024-04-17 19:17:27.350,P,RIY,1.0
2024000463,2024-04-17 19:17:29.980,S,RIY,1.0
2024000465,2024-04-17 23:27:25.600,P,RIY,1.0
2024000465,2024-04-17 23:27:28.440,S,RIY,1.0
2024000466,2024-04-18 00:37:31.360,P,RIY,1.0
2024000466,2024-04-18 00:37:34.200,S,RIY,1.0
2024000466,2024-04-18 00:37:38.890,P,SAVD,1.0
2024000466,2024-04-18 00:37:39.000,P,BOJS,1.0
2024000466,2024-04-18 00:37:48.070,P,DOBS,1.0
2024000466,2024-04-18 00:37:48.330,S,SAVD,1.0
2024000466,2024-04-18 00:37:49.210,S,BOJS,1.0
2024000473,2024-04-18 20:30:12.720,P,RIY,1.0
2024000473,2024-04-18 20:30:16.570,S,RIY,1.0
2024000473,2024-04-18 20:30:16.820,P,REP0,1.0
2024000473,2024-04-18 20:30:19.330,P,BOJS,1.0
2024000473,2024-04-18 20:30:24.320,S,REP0,1.0
2024000473,2024-04-18 20:30:28.000,S,BOJS,1.0
2024000478,2024-04-19 09:52:23.080,P,RIY,1.0
2024000478,2024-04-19 09:52:25.980,S,RIY,1.0
2024000478,2024-04-19 09:52:28.100,P,REP0,1.0
2024000478,2024-04-19 09:52:31.820,P,BOJS,1.0
2024000478,2024-04-19 09:52:35.500,S,REP0,1.0
2024000487,2024-04-21 10:24:16.620,P,RIY,1.0
2024000487,2024-04-21 10:24:19.380,S,RIY,1.0
2024000487,2024-04-21 10:24:33.050,P,DOBS,1.0
2024000489,2024-04-21 16:49:37.300,P,SAVD,1.0
2024000489,2024-04-21 16:49:41.650,S,SAVD,1.0
2024000489,2024-04-21 16:49:43.720,P,REP0,1.0
2024000489,2024-04-21 16:49:52.380,S,REP0,1.0
2024000490,2024-04-21 22:17:37.280,P,RIY,1.0
2024000490,2024-04-21 22:17:40.190,S,RIY,1.0
2024000490,2024-04-21 22:17:42.320,P,REP0,1.0
2024000490,2024-04-21 22:17:44.770,P,SAVD,1.0
2024000490,2024-04-21 22:17:46.040,P,BOJS,1.0
2024000490,2024-04-21 22:17:49.700,S,REP0,1.0
2024000490,2024-04-21 22:17:54.230,S,SAVD,1.0
2024000490,2024-04-21 22:17:55.300,S,BOJS,1.0
2024000492,2024-04-22 00:26:34.980,P,DOBS,1.0
2024000492,2024-04-22 00:26:35.210,P,BOJS,1.0
2024000492,2024-04-22 00:26:48.670,S,BOJS,1.0
2024000501,2024-04-23 21:40:13.010,P,A302,1.0
2024000501,2024-04-23 21:40:15.240,S,A302,1.0
2024000513,2024-05-01 15:49:24.910,P,FUOR,1.0
2024000513,2024-05-01 15:49:30.010,P,DAVO,1.0
2024000513,2024-05-01 15:49:30.980,P,TUE,1.0
2024000513,2024-05-01 15:49:31.700,P,MUGI,1.0
2024000513,2024-05-01 15:49:36.370,S,FUOR,1.0
2024000513,2024-05-01 15:49:44.970,S,DAVO,1.0
2024000513,2024-05-01 15:49:47.080,S,TUE,1.0
2024000518,2024-05-03 00:31:44.860,P,SAVD,1.0
2024000526,2024-05-07 03:17:05.930,P,LMD,1.0
2024000534,2024-05-11 00:12:20.030,P,SAVD,1.0
2024000534,2024-05-11 00:12:28.790,P,FUOR,1.0
2024000535,2024-05-11 00:34:34.900,P,SAVD,1.0
2024000535,2024-05-11 00:34:43.700,P,FUOR,1.0
2024000536,2024-05-11 12:06:09.000,P,FUOR,1.0
2024000547,2024-05-12 22:42:08.570,P,SAVD,1.0
2024000549,2024-05-13 17:31:19.010,P,FUOR,1.0
2024000549,2024-05-13 17:31:28.180,S,FUOR,1.0
2024000551,2024-05-13 19:58:07.760,P,SAVD,1.0
2024000551,2024-05-13 19:58:15.940,S,SAVD,1.0
2024000552,2024-05-13 20:50:25.980,P,MUGI,1.0
2024000552,2024-05-13 20:50:26.280,P,FUOR,1.0
2024000552,2024-05-13 20:50:28.450,P,VLC,1.0
2024000552,2024-05-13 20:50:28.570,P,VDL,1.0
2024000552,2024-05-13 20:50:29.000,P,TUE,1.0
2024000552,2024-05-13 20:50:29.690,P,LMD,1.0
2024000552,2024-05-13 20:50:30.510,P,DAVO,1.0
2024000574,2024-05-22 17:27:55.710,P,FUOR,1.0
2024000574,2024-05-22 17:27:59.320,S,FUOR,1.0
2024000574,2024-05-22 17:28:00.150,P,VDL,1.0
2024000574,2024-05-22 17:28:00.370,P,DAVO,1.0
2024000574,2024-05-22 17:28:01.620,P,TUE,1.0
2024000574,2024-05-22 17:28:07.450,S,DAVO,1.0
2024000574,2024-05-22 17:28:09.930,S,TUE,1.0
2024000578,2024-05-23 00:54:49.840,P,FUOR,1.0
2024000578,2024-05-23 00:54:52.100,S,FUOR,1.0
2024000578,2024-05-23 00:54:55.340,P,DAVO,1.0
2024000578,2024-05-23 00:55:01.440,S,DAVO,1.0
2024000603,2024-05-28 01:34:26.270,P,SAVD,1.0
2024000603,2024-05-28 01:34:31.410,S,SAVD,1.0
2024000604,2024-05-28 11:05:57.460,P,LMD,1.0
2024000604,2024-05-28 11:06:10.730,S,LMD,1.0
2024000615,2024-05-30 06:29:51.130,P,RIY,1.0
2024000615,2024-05-30 06:29:56.060,S,RIY,1.0
2024000615,2024-05-30 06:29:56.080,P,BOJS,1.0
2024000615,2024-05-30 06:30:04.000,S,BOJS,1.0
2024000617,2024-05-30 13:10:30.590,P,RIY,1.0
2024000617,2024-05-30 13:10:34.990,P,BOJS,1.0
2024000617,2024-05-30 13:10:35.580,S,RIY,1.0
2024000617,2024-05-30 13:10:43.330,S,BOJS,1.0
2024000620,2024-05-31 03:01:20.410,P,RIY,1.0
2024000620,2024-05-31 03:01:25.310,S,RIY,1.0
2024000620,2024-05-31 03:01:25.330,P,BOJS,1.0
2024000620,2024-05-31 03:01:26.530,P,SAVD,1.0
2024000620,2024-05-31 03:01:32.060,P,DOBS,1.0
2024000620,2024-05-31 03:01:36.770,S,SAVD,1.0
2024000620,2024-05-31 03:01:44.450,S,DOBS,1.0
2024000622,2024-06-01 01:53:41.160,P,FUOR,1.0
2024000629,2024-06-04 07:54:36.350,P,REP0,1.0
2024000629,2024-06-04 07:54:40.240,S,REP0,1.0
2024000641,2024-06-07 10:55:33.550,P,FUOR,1.0
2024000645,2024-06-09 02:48:14.830,P,RIY,1.0
2024000645,2024-06-09 02:48:18.150,S,RIY,1.0
2024000645,2024-06-09 02:48:19.020,P,REP0,1.0
2024000645,2024-06-09 02:48:21.780,P,SAVD,1.0
2024000645,2024-06-09 02:48:22.440,P,BOJS,1.0
2024000645,2024-06-09 02:48:26.260,S,REP0,1.0
2024000645,2024-06-09 02:48:30.150,P,DOBS,1.0
2024000646,2024-06-10 00:37:07.890,P,SAVD,1.0
2024000649,2024-06-11 01:38:10.270,P,FUOR,1.0
2024000649,2024-06-11 01:38:12.540,S,FUOR,1.0
2024000649,2024-06-11 01:38:16.560,P,DAVO,1.0
2024000649,2024-06-11 01:38:21.910,S,DAVO,1.0
2024000650,2024-06-11 02:59:42.200,P,RIY,1.0
2024000650,2024-06-11 02:59:44.970,S,RIY,1.0
2024000661,2024-06-15 18:40:20.450,P,REP0,1.0
2024000661,2024-06-15 18:40:26.150,P,SAVD,1.0
2024000661,2024-06-15 18:40:32.820,S,SAVD,1.0
2024000664,2024-06-16 03:11:01.480,P,FUOR,1.0
2024000665,2024-06-16 04:14:10.050,P,FUOR,1.0
2024000665,2024-06-16 04:14:11.600,S,FUOR,1.0
2024000671,2024-06-20 02:32:21.150,P,SOKA,1.0
2024000671,2024-06-20 02:32:25.500,P,SAVD,1.0
2024000671,2024-06-20 02:32:30.000,S,SOKA,1.0
2024000673,2024-06-20 13:38:50.910,P,BERN,1.0
2024000673,2024-06-20 13:38:52.680,S,BERN,1.0
2024000674,2024-06-20 13:40:11.040,P,BERN,1.0
2024000674,2024-06-20 13:40:12.070,P,FUOR,1.0
2024000674,2024-06-20 13:40:12.910,S,BERN,1.0
2024000678,2024-06-20 20:48:19.480,P,BERN,1.0
2024000678,2024-06-20 20:48:29.740,S,BERN,1.0
