idx,longitude,latitude,depth,NETWORK,station,NC,SC
2Y.A300A.,13.128,45.8193,6.0,2Y,A300A,"(0.6509803921568628, 0.807843137254902, 0.8901960784313725, 1.0)","(0.6509803921568628, 0.807843137254902, 0.8901960784313725, 1.0)"
2Y.A301A.,12.621,45.6198,2.0,2Y,A301A,"(0.6509803921568628, 0.807843137254902, 0.8901960784313725, 1.0)","(0.6509803921568628, 0.807843137254902, 0.8901960784313725, 1.0)"
2Y.A302A.,11.9713,45.6335,31.0,2Y,A302A,"(0.6509803921568628, 0.807843137254902, 0.8901960784313725, 1.0)","(0.6509803921568628, 0.807843137254902, 0.8901960784313725, 1.0)"
2Y.A303A.,12.3182,45.3443,11.0,2Y,A303A,"(0.6509803921568628, 0.807843137254902, 0.8901960784313725, 1.0)","(0.6509803921568628, 0.807843137254902, 0.8901960784313725, 1.0)"
4P.IT07A.,9.836959,44.873936,182.0,4P,IT07A,"(0.6509803921568628, 0.807843137254902, 0.8901960784313725, 1.0)","(0.8901960784313725, 0.10196078431372549, 0.10980392156862745, 1.0)"
4P.IT08A.,12.069651,44.983948,60.0,4P,IT08A,"(0.6509803921568628, 0.807843137254902, 0.8901960784313725, 1.0)","(0.8901960784313725, 0.10196078431372549, 0.10980392156862745, 1.0)"
4P.IT09A.,11.435935,44.660509,45.0,4P,IT09A,"(0.6509803921568628, 0.807843137254902, 0.8901960784313725, 1.0)","(0.8901960784313725, 0.10196078431372549, 0.10980392156862745, 1.0)"
CH.BERNI.,10.023095,46.413636,2311.0,CH,BERNI,"(0.12156862745098039, 0.47058823529411764, 0.7058823529411765, 1.0)","(0.6509803921568628, 0.807843137254902, 0.8901960784313725, 1.0)"
CH.DAVOX.,9.87952,46.7805,1830.0,CH,DAVOX,"(0.12156862745098039, 0.47058823529411764, 0.7058823529411765, 1.0)","(0.2, 0.6274509803921569, 0.17254901960784313, 1.0)"
CH.FUORN.,10.263551,46.620334,2286.0,CH,FUORN,"(0.12156862745098039, 0.47058823529411764, 0.7058823529411765, 1.0)","(0.984313725490196, 0.6039215686274509, 0.6, 1.0)"
CH.SARD.,10.204926,46.776631,1487.5,CH,SARD,"(0.12156862745098039, 0.47058823529411764, 0.7058823529411765, 1.0)","(0.41568627450980394, 0.23921568627450981, 0.6039215686274509, 1.0)"
CH.SBGN.,9.748359,46.628162,1374.4,CH,SBGN,"(0.12156862745098039, 0.47058823529411764, 0.7058823529411765, 1.0)","(0.41568627450980394, 0.23921568627450981, 0.6039215686274509, 1.0)"
CH.SCEL.,9.85542,46.5074,1720.0,CH,SCEL,"(0.12156862745098039, 0.47058823529411764, 0.7058823529411765, 1.0)","(0.41568627450980394, 0.23921568627450981, 0.6039215686274509, 1.0)"
CH.SCHK.,9.536332,46.788912,1208.7,CH,SCHK,"(0.12156862745098039, 0.47058823529411764, 0.7058823529411765, 1.0)","(0.41568627450980394, 0.23921568627450981, 0.6039215686274509, 1.0)"
CH.SCUC.,10.3038,46.798,1230.0,CH,SCUC,"(0.12156862745098039, 0.47058823529411764, 0.7058823529411765, 1.0)","(0.41568627450980394, 0.23921568627450981, 0.6039215686274509, 1.0)"
CH.SCUG.,9.523831,46.856125,575.0,CH,SCUG,"(0.12156862745098039, 0.47058823529411764, 0.7058823529411765, 1.0)","(0.41568627450980394, 0.23921568627450981, 0.6039215686274509, 1.0)"
CH.SDAK.,9.832,46.80054,1548.0,CH,SDAK,"(0.12156862745098039, 0.47058823529411764, 0.7058823529411765, 1.0)","(0.41568627450980394, 0.23921568627450981, 0.6039215686274509, 1.0)"
CH.SHEK.,9.6279638,47.4157026,404.0,CH,SHEK,"(0.12156862745098039, 0.47058823529411764, 0.7058823529411765, 1.0)","(0.41568627450980394, 0.23921568627450981, 0.6039215686274509, 1.0)"
CH.SMFL.,9.54632,47.21004,441.0,CH,SMFL,"(0.12156862745098039, 0.47058823529411764, 0.7058823529411765, 1.0)","(0.41568627450980394, 0.23921568627450981, 0.6039215686274509, 1.0)"
CH.STRW.,9.55025,47.11655,1031.0,CH,STRW,"(0.12156862745098039, 0.47058823529411764, 0.7058823529411765, 1.0)","(1.0, 1.0, 0.6, 1.0)"
CH.STSP.,10.33317,46.62645,1690.0,CH,STSP,"(0.12156862745098039, 0.47058823529411764, 0.7058823529411765, 1.0)","(1.0, 1.0, 0.6, 1.0)"
CH.SVAM.,9.526099,46.693377,1227.0,CH,SVAM,"(0.12156862745098039, 0.47058823529411764, 0.7058823529411765, 1.0)","(1.0, 1.0, 0.6, 1.0)"
CH.SZER.,10.09768,46.69749,1471.0,CH,SZER,"(0.12156862745098039, 0.47058823529411764, 0.7058823529411765, 1.0)","(1.0, 1.0, 0.6, 1.0)"
EV.ED06.,12.2085,45.857,174.0,EV,ED06,"(0.12156862745098039, 0.47058823529411764, 0.7058823529411765, 1.0)","(0.2, 0.6274509803921569, 0.17254901960784313, 1.0)"
GU.GRAM.,10.065,44.4904,844.0,GU,GRAM,"(0.6980392156862745, 0.8745098039215686, 0.5411764705882353, 1.0)","(0.984313725490196, 0.6039215686274509, 0.6, 1.0)"
GU.GSCL.,10.588,44.3506,650.0,GU,GSCL,"(0.6980392156862745, 0.8745098039215686, 0.5411764705882353, 1.0)","(0.984313725490196, 0.6039215686274509, 0.6, 1.0)"
HA.CHIE.,12.7376,46.2557,399.0,HA,CHIE,"(0.2, 0.6274509803921569, 0.17254901960784313, 1.0)","(0.6980392156862745, 0.8745098039215686, 0.5411764705882353, 1.0)"
HA.INVI.,12.9008,46.4011,350.0,HA,INVI,"(0.2, 0.6274509803921569, 0.17254901960784313, 1.0)","(0.8901960784313725, 0.10196078431372549, 0.10980392156862745, 1.0)"
HA.TARV.,13.568,46.5074,812.0,HA,TARV,"(0.2, 0.6274509803921569, 0.17254901960784313, 1.0)","(1.0, 1.0, 0.6, 1.0)"
IT.ALF.,12.0334,44.5022,6.0,IT,ALF,"(0.2, 0.6274509803921569, 0.17254901960784313, 1.0)","(0.6509803921568628, 0.807843137254902, 0.8901960784313725, 1.0)"
IT.APR.,10.1577,46.1562,1203.0,IT,APR,"(0.2, 0.6274509803921569, 0.17254901960784313, 1.0)","(0.6509803921568628, 0.807843137254902, 0.8901960784313725, 1.0)"
IT.ARG.,11.8251,44.6306,45.0,IT,ARG,"(0.2, 0.6274509803921569, 0.17254901960784313, 1.0)","(0.6509803921568628, 0.807843137254902, 0.8901960784313725, 1.0)"
IT.AVI.,12.6023,46.0643,210.0,IT,AVI,"(0.2, 0.6274509803921569, 0.17254901960784313, 1.0)","(0.6509803921568628, 0.807843137254902, 0.8901960784313725, 1.0)"
IT.AVS.,13.0497,46.2946,256.0,IT,AVS,"(0.2, 0.6274509803921569, 0.17254901960784313, 1.0)","(0.6509803921568628, 0.807843137254902, 0.8901960784313725, 1.0)"
IT.BLL.,12.2364,46.1594,433.0,IT,BLL,"(0.2, 0.6274509803921569, 0.17254901960784313, 1.0)","(0.12156862745098039, 0.47058823529411764, 0.7058823529411765, 1.0)"
IT.BLZN.,11.392,46.4917,384.0,IT,BLZN,"(0.2, 0.6274509803921569, 0.17254901960784313, 1.0)","(0.12156862745098039, 0.47058823529411764, 0.7058823529411765, 1.0)"
IT.BNO.,10.2904,45.9484,441.0,IT,BNO,"(0.2, 0.6274509803921569, 0.17254901960784313, 1.0)","(0.12156862745098039, 0.47058823529411764, 0.7058823529411765, 1.0)"
IT.BOZL.,10.4798,45.0995,59.0,IT,BOZL,"(0.2, 0.6274509803921569, 0.17254901960784313, 1.0)","(0.12156862745098039, 0.47058823529411764, 0.7058823529411765, 1.0)"
IT.BRA.,9.7619,46.0041,815.0,IT,BRA,"(0.2, 0.6274509803921569, 0.17254901960784313, 1.0)","(0.12156862745098039, 0.47058823529411764, 0.7058823529411765, 1.0)"
IT.BRC.,12.5518,46.1857,453.0,IT,BRC,"(0.2, 0.6274509803921569, 0.17254901960784313, 1.0)","(0.12156862745098039, 0.47058823529411764, 0.7058823529411765, 1.0)"
IT.BRSA.,10.2255,45.5527,166.0,IT,BRSA,"(0.2, 0.6274509803921569, 0.17254901960784313, 1.0)","(0.12156862745098039, 0.47058823529411764, 0.7058823529411765, 1.0)"
IT.BSG.,11.7408,45.7496,154.0,IT,BSG,"(0.2, 0.6274509803921569, 0.17254901960784313, 1.0)","(0.12156862745098039, 0.47058823529411764, 0.7058823529411765, 1.0)"
IT.CDN.,12.9918,45.9643,49.0,IT,CDN,"(0.2, 0.6274509803921569, 0.17254901960784313, 1.0)","(0.12156862745098039, 0.47058823529411764, 0.7058823529411765, 1.0)"
IT.CHF.,13.4737,46.3887,1194.0,IT,CHF,"(0.2, 0.6274509803921569, 0.17254901960784313, 1.0)","(0.6980392156862745, 0.8745098039215686, 0.5411764705882353, 1.0)"
IT.CLA.,12.5141,46.2713,680.0,IT,CLA,"(0.2, 0.6274509803921569, 0.17254901960784313, 1.0)","(0.6980392156862745, 0.8745098039215686, 0.5411764705882353, 1.0)"
IT.CMO.,13.5207,46.0941,680.0,IT,CMO,"(0.2, 0.6274509803921569, 0.17254901960784313, 1.0)","(0.6980392156862745, 0.8745098039215686, 0.5411764705882353, 1.0)"
IT.CNG.,12.2881,45.8815,66.0,IT,CNG,"(0.2, 0.6274509803921569, 0.17254901960784313, 1.0)","(0.6980392156862745, 0.8745098039215686, 0.5411764705882353, 1.0)"
IT.CNT.,11.2866,44.7234,71.0,IT,CNT,"(0.2, 0.6274509803921569, 0.17254901960784313, 1.0)","(0.6980392156862745, 0.8745098039215686, 0.5411764705882353, 1.0)"
IT.CPC.,11.8756,44.9214,8.0,IT,CPC,"(0.2, 0.6274509803921569, 0.17254901960784313, 1.0)","(0.6980392156862745, 0.8745098039215686, 0.5411764705882353, 1.0)"
IT.CRD.,12.1172,46.5248,1587.0,IT,CRD,"(0.2, 0.6274509803921569, 0.17254901960784313, 1.0)","(0.6980392156862745, 0.8745098039215686, 0.5411764705882353, 1.0)"
IT.CRP.,10.8703,44.7823,89.0,IT,CRP,"(0.2, 0.6274509803921569, 0.17254901960784313, 1.0)","(0.6980392156862745, 0.8745098039215686, 0.5411764705882353, 1.0)"
IT.CSP.,11.5801,44.3784,88.0,IT,CSP,"(0.2, 0.6274509803921569, 0.17254901960784313, 1.0)","(0.6980392156862745, 0.8745098039215686, 0.5411764705882353, 1.0)"
IT.CST.,11.9023,45.6595,487.0,IT,CST,"(0.2, 0.6274509803921569, 0.17254901960784313, 1.0)","(0.6980392156862745, 0.8745098039215686, 0.5411764705882353, 1.0)"
IT.CVD.,13.3998,46.0888,130.0,IT,CVD,"(0.2, 0.6274509803921569, 0.17254901960784313, 1.0)","(0.6980392156862745, 0.8745098039215686, 0.5411764705882353, 1.0)"
IT.CVF.,13.429,46.0918,177.0,IT,CVF,"(0.2, 0.6274509803921569, 0.17254901960784313, 1.0)","(0.6980392156862745, 0.8745098039215686, 0.5411764705882353, 1.0)"
IT.DANT.,12.5199,46.5675,1453.0,IT,DANT,"(0.2, 0.6274509803921569, 0.17254901960784313, 1.0)","(0.2, 0.6274509803921569, 0.17254901960784313, 1.0)"
IT.DRN.,13.6417,46.1666,784.0,IT,DRN,"(0.2, 0.6274509803921569, 0.17254901960784313, 1.0)","(0.2, 0.6274509803921569, 0.17254901960784313, 1.0)"
IT.DSG.,10.5575,45.4591,130.0,IT,DSG,"(0.2, 0.6274509803921569, 0.17254901960784313, 1.0)","(0.2, 0.6274509803921569, 0.17254901960784313, 1.0)"
IT.FAG.,13.0914,46.098,185.0,IT,FAG,"(0.2, 0.6274509803921569, 0.17254901960784313, 1.0)","(0.2, 0.6274509803921569, 0.17254901960784313, 1.0)"
IT.FDS.,12.5627,46.4513,1795.0,IT,FDS,"(0.2, 0.6274509803921569, 0.17254901960784313, 1.0)","(0.2, 0.6274509803921569, 0.17254901960784313, 1.0)"
IT.FIC.,11.4517,44.9538,57.0,IT,FIC,"(0.2, 0.6274509803921569, 0.17254901960784313, 1.0)","(0.984313725490196, 0.6039215686274509, 0.6, 1.0)"
IT.FLP.,11.9225,46.0266,294.0,IT,FLP,"(0.2, 0.6274509803921569, 0.17254901960784313, 1.0)","(0.984313725490196, 0.6039215686274509, 0.6, 1.0)"
IT.GAI.,10.6162,45.6592,400.0,IT,GAI,"(0.2, 0.6274509803921569, 0.17254901960784313, 1.0)","(0.984313725490196, 0.6039215686274509, 0.6, 1.0)"
IT.ISD.,10.9602,45.2733,40.0,IT,ISD,"(0.2, 0.6274509803921569, 0.17254901960784313, 1.0)","(0.8901960784313725, 0.10196078431372549, 0.10980392156862745, 1.0)"
IT.LTSN.,13.0191,45.7929,52.0,IT,LTSN,"(0.2, 0.6274509803921569, 0.17254901960784313, 1.0)","(0.8901960784313725, 0.10196078431372549, 0.10980392156862745, 1.0)"
IT.MAI.,13.0692,46.1853,176.0,IT,MAI,"(0.2, 0.6274509803921569, 0.17254901960784313, 1.0)","(0.8901960784313725, 0.10196078431372549, 0.10980392156862745, 1.0)"
IT.MAJ.,13.0689,46.1822,223.0,IT,MAJ,"(0.2, 0.6274509803921569, 0.17254901960784313, 1.0)","(0.8901960784313725, 0.10196078431372549, 0.10980392156862745, 1.0)"
IT.MDC.,11.6404,44.4855,26.0,IT,MDC,"(0.2, 0.6274509803921569, 0.17254901960784313, 1.0)","(0.8901960784313725, 0.10196078431372549, 0.10980392156862745, 1.0)"
IT.MLBT.,10.0993,45.6323,281.0,IT,MLBT,"(0.2, 0.6274509803921569, 0.17254901960784313, 1.0)","(0.9921568627450981, 0.7490196078431373, 0.43529411764705883, 1.0)"
IT.MLC.,10.8485,45.8079,98.0,IT,MLC,"(0.2, 0.6274509803921569, 0.17254901960784313, 1.0)","(0.9921568627450981, 0.7490196078431373, 0.43529411764705883, 1.0)"
IT.MNOV.,10.7882,45.1452,74.0,IT,MNOV,"(0.2, 0.6274509803921569, 0.17254901960784313, 1.0)","(0.9921568627450981, 0.7490196078431373, 0.43529411764705883, 1.0)"
IT.MNS.,11.7221,45.2517,14.0,IT,MNS,"(0.2, 0.6274509803921569, 0.17254901960784313, 1.0)","(0.9921568627450981, 0.7490196078431373, 0.43529411764705883, 1.0)"
IT.MOV.,12.6551,46.1551,373.0,IT,MOV,"(0.2, 0.6274509803921569, 0.17254901960784313, 1.0)","(0.9921568627450981, 0.7490196078431373, 0.43529411764705883, 1.0)"
IT.MRN.,11.0617,44.8782,15.0,IT,MRN,"(0.2, 0.6274509803921569, 0.17254901960784313, 1.0)","(0.9921568627450981, 0.7490196078431373, 0.43529411764705883, 1.0)"
IT.MRNO.,11.1544,46.6536,341.0,IT,MRNO,"(0.2, 0.6274509803921569, 0.17254901960784313, 1.0)","(0.9921568627450981, 0.7490196078431373, 0.43529411764705883, 1.0)"
IT.MTVA.,10.7849,45.1579,35.0,IT,MTVA,"(0.2, 0.6274509803921569, 0.17254901960784313, 1.0)","(0.9921568627450981, 0.7490196078431373, 0.43529411764705883, 1.0)"
IT.NVL.,10.7315,44.843,22.0,IT,NVL,"(0.2, 0.6274509803921569, 0.17254901960784313, 1.0)","(0.9921568627450981, 0.7490196078431373, 0.43529411764705883, 1.0)"
IT.OVAR.,12.8647,46.4847,581.0,IT,OVAR,"(0.2, 0.6274509803921569, 0.17254901960784313, 1.0)","(1.0, 0.4980392156862745, 0.0, 1.0)"
IT.PAS.,12.629,45.8515,44.0,IT,PAS,"(0.2, 0.6274509803921569, 0.17254901960784313, 1.0)","(1.0, 0.4980392156862745, 0.0, 1.0)"
IT.PLZA.,13.0155,46.5295,609.0,IT,PLZA,"(0.2, 0.6274509803921569, 0.17254901960784313, 1.0)","(1.0, 0.4980392156862745, 0.0, 1.0)"
IT.PNAL.,12.2987,46.1729,462.0,IT,PNAL,"(0.2, 0.6274509803921569, 0.17254901960784313, 1.0)","(1.0, 0.4980392156862745, 0.0, 1.0)"
IT.PON.,13.3048,46.5072,580.0,IT,PON,"(0.2, 0.6274509803921569, 0.17254901960784313, 1.0)","(1.0, 0.4980392156862745, 0.0, 1.0)"
IT.PSR.,13.0141,45.9493,80.0,IT,PSR,"(0.2, 0.6274509803921569, 0.17254901960784313, 1.0)","(0.792156862745098, 0.6980392156862745, 0.8392156862745098, 1.0)"
IT.PTV.,10.0879,45.2741,55.0,IT,PTV,"(0.2, 0.6274509803921569, 0.17254901960784313, 1.0)","(0.792156862745098, 0.6980392156862745, 0.8392156862745098, 1.0)"
IT.PVC.,12.3735,46.417,857.0,IT,PVC,"(0.2, 0.6274509803921569, 0.17254901960784313, 1.0)","(0.792156862745098, 0.6980392156862745, 0.8392156862745098, 1.0)"
IT.REA.,13.2433,46.1499,215.0,IT,REA,"(0.2, 0.6274509803921569, 0.17254901960784313, 1.0)","(0.792156862745098, 0.6980392156862745, 0.8392156862745098, 1.0)"
IT.RONS.,12.9972,45.8057,11.0,IT,RONS,"(0.2, 0.6274509803921569, 0.17254901960784313, 1.0)","(0.792156862745098, 0.6980392156862745, 0.8392156862745098, 1.0)"
IT.RST.,13.3537,46.3629,673.0,IT,RST,"(0.2, 0.6274509803921569, 0.17254901960784313, 1.0)","(0.792156862745098, 0.6980392156862745, 0.8392156862745098, 1.0)"
IT.RVST.,12.9265,46.5232,992.0,IT,RVST,"(0.2, 0.6274509803921569, 0.17254901960784313, 1.0)","(0.792156862745098, 0.6980392156862745, 0.8392156862745098, 1.0)"
IT.SAC.,12.532,45.968,79.0,IT,SAC,"(0.2, 0.6274509803921569, 0.17254901960784313, 1.0)","(0.792156862745098, 0.6980392156862745, 0.8392156862745098, 1.0)"
IT.SDF.,13.0075,46.1669,246.0,IT,SDF,"(0.2, 0.6274509803921569, 0.17254901960784313, 1.0)","(0.41568627450980394, 0.23921568627450981, 0.6039215686274509, 1.0)"
IT.SDV.,13.8967,45.6281,488.0,IT,SDV,"(0.2, 0.6274509803921569, 0.17254901960784313, 1.0)","(0.41568627450980394, 0.23921568627450981, 0.6039215686274509, 1.0)"
IT.SEM.,10.2713,46.4847,1466.0,IT,SEM,"(0.2, 0.6274509803921569, 0.17254901960784313, 1.0)","(0.41568627450980394, 0.23921568627450981, 0.6039215686274509, 1.0)"
IT.SGVC.,10.3798,45.0765,65.0,IT,SGVC,"(0.2, 0.6274509803921569, 0.17254901960784313, 1.0)","(0.41568627450980394, 0.23921568627450981, 0.6039215686274509, 1.0)"
IT.SLOB.,10.5165,45.6044,76.0,IT,SLOB,"(0.2, 0.6274509803921569, 0.17254901960784313, 1.0)","(0.41568627450980394, 0.23921568627450981, 0.6039215686274509, 1.0)"
IT.SON.,9.8572,46.1732,523.0,IT,SON,"(0.2, 0.6274509803921569, 0.17254901960784313, 1.0)","(0.41568627450980394, 0.23921568627450981, 0.6039215686274509, 1.0)"
IT.SPI.,12.9058,46.1082,180.0,IT,SPI,"(0.2, 0.6274509803921569, 0.17254901960784313, 1.0)","(1.0, 1.0, 0.6, 1.0)"
IT.SPP.,12.709,46.5725,1318.0,IT,SPP,"(0.2, 0.6274509803921569, 0.17254901960784313, 1.0)","(1.0, 1.0, 0.6, 1.0)"
IT.SUZR.,10.7442,44.9879,63.0,IT,SUZR,"(0.2, 0.6274509803921569, 0.17254901960784313, 1.0)","(1.0, 1.0, 0.6, 1.0)"
IT.TGG.,11.1827,45.562,762.0,IT,TGG,"(0.2, 0.6274509803921569, 0.17254901960784313, 1.0)","(1.0, 1.0, 0.6, 1.0)"
IT.TLM2.,12.9839,46.3814,519.0,IT,TLM2,"(0.2, 0.6274509803921569, 0.17254901960784313, 1.0)","(1.0, 1.0, 0.6, 1.0)"
IT.TRA.,12.8779,46.186,272.0,IT,TRA,"(0.2, 0.6274509803921569, 0.17254901960784313, 1.0)","(1.0, 1.0, 0.6, 1.0)"
IT.TRTO.,11.0992,46.1245,264.0,IT,TRTO,"(0.2, 0.6274509803921569, 0.17254901960784313, 1.0)","(1.0, 1.0, 0.6, 1.0)"
IT.VALS.,11.8017,46.3388,2086.0,IT,VALS,"(0.2, 0.6274509803921569, 0.17254901960784313, 1.0)","(0.6941176470588235, 0.34901960784313724, 0.1568627450980392, 1.0)"
IT.VAV.,12.8446,45.9998,105.0,IT,VAV,"(0.2, 0.6274509803921569, 0.17254901960784313, 1.0)","(0.6941176470588235, 0.34901960784313724, 0.1568627450980392, 1.0)"
IT.VCNZ.,11.5894,45.527,80.0,IT,VCNZ,"(0.2, 0.6274509803921569, 0.17254901960784313, 1.0)","(0.6941176470588235, 0.34901960784313724, 0.1568627450980392, 1.0)"
IT.VDB.,11.9913,45.9069,440.0,IT,VDB,"(0.2, 0.6274509803921569, 0.17254901960784313, 1.0)","(0.6941176470588235, 0.34901960784313724, 0.1568627450980392, 1.0)"
IT.VRNA.,10.9922,45.4262,110.0,IT,VRNA,"(0.2, 0.6274509803921569, 0.17254901960784313, 1.0)","(0.6941176470588235, 0.34901960784313724, 0.1568627450980392, 1.0)"
IT.ZPG.,11.2158,44.4657,195.0,IT,ZPG,"(0.2, 0.6274509803921569, 0.17254901960784313, 1.0)","(0.6941176470588235, 0.34901960784313724, 0.1568627450980392, 1.0)"
IT.ZPP.,11.2044,44.5244,94.0,IT,ZPP,"(0.2, 0.6274509803921569, 0.17254901960784313, 1.0)","(0.6941176470588235, 0.34901960784313724, 0.1568627450980392, 1.0)"
IV.APPI.,11.22813,46.47868,1056.0,IV,APPI,"(0.984313725490196, 0.6039215686274509, 0.6, 1.0)","(0.6509803921568628, 0.807843137254902, 0.8901960784313725, 1.0)"
IV.ASOL.,11.9023,45.8003,181.0,IV,ASOL,"(0.984313725490196, 0.6039215686274509, 0.6, 1.0)","(0.6509803921568628, 0.807843137254902, 0.8901960784313725, 1.0)"
IV.BAG8.,10.4664,45.8228,807.0,IV,BAG8,"(0.984313725490196, 0.6039215686274509, 0.6, 1.0)","(0.6509803921568628, 0.807843137254902, 0.8901960784313725, 1.0)"
IV.BOZZ.,10.482,45.1071,30.0,IV,BOZZ,"(0.984313725490196, 0.6039215686274509, 0.6, 1.0)","(0.12156862745098039, 0.47058823529411764, 0.7058823529411765, 1.0)"
IV.BRES.,11.7341,46.69868,2454.0,IV,BRES,"(0.984313725490196, 0.6039215686274509, 0.6, 1.0)","(0.12156862745098039, 0.47058823529411764, 0.7058823529411765, 1.0)"
IV.BRMO.,10.37218,46.47616,1380.0,IV,BRMO,"(0.984313725490196, 0.6039215686274509, 0.6, 1.0)","(0.12156862745098039, 0.47058823529411764, 0.7058823529411765, 1.0)"
IV.CADC.,10.128662,45.455464,106.0,IV,CADC,"(0.984313725490196, 0.6039215686274509, 0.6, 1.0)","(0.12156862745098039, 0.47058823529411764, 0.7058823529411765, 1.0)"
IV.CAPR.,9.9345,45.6372,215.0,IV,CAPR,"(0.984313725490196, 0.6039215686274509, 0.6, 1.0)","(0.12156862745098039, 0.47058823529411764, 0.7058823529411765, 1.0)"
IV.CAVE.,11.0031,44.8658,18.0,IV,CAVE,"(0.984313725490196, 0.6039215686274509, 0.6, 1.0)","(0.12156862745098039, 0.47058823529411764, 0.7058823529411765, 1.0)"
IV.CNCS.,10.217,45.606,126.0,IV,CNCS,"(0.984313725490196, 0.6039215686274509, 0.6, 1.0)","(0.6980392156862745, 0.8745098039215686, 0.5411764705882353, 1.0)"
IV.CRND.,12.0131,45.8361,159.0,IV,CRND,"(0.984313725490196, 0.6039215686274509, 0.6, 1.0)","(0.6980392156862745, 0.8745098039215686, 0.5411764705882353, 1.0)"
IV.CTI.,11.6497,46.04818,1180.0,IV,CTI,"(0.984313725490196, 0.6039215686274509, 0.6, 1.0)","(0.6980392156862745, 0.8745098039215686, 0.5411764705882353, 1.0)"
IV.CTL8.,9.7622,45.2763,60.0,IV,CTL8,"(0.984313725490196, 0.6039215686274509, 0.6, 1.0)","(0.6980392156862745, 0.8745098039215686, 0.5411764705882353, 1.0)"
IV.ERBM.,10.41268,44.41945,933.0,IV,ERBM,"(0.984313725490196, 0.6039215686274509, 0.6, 1.0)","(0.2, 0.6274509803921569, 0.17254901960784313, 1.0)"
IV.FELT.,11.9275,46.0729,520.0,IV,FELT,"(0.984313725490196, 0.6039215686274509, 0.6, 1.0)","(0.2, 0.6274509803921569, 0.17254901960784313, 1.0)"
IV.FERS.,11.5406,44.9035,3.0,IV,FERS,"(0.984313725490196, 0.6039215686274509, 0.6, 1.0)","(0.984313725490196, 0.6039215686274509, 0.6, 1.0)"
IV.FIU.,11.49165,44.64031,12.0,IV,FIU,"(0.984313725490196, 0.6039215686274509, 0.6, 1.0)","(0.984313725490196, 0.6039215686274509, 0.6, 1.0)"
IV.FREG.,12.312986,46.011092,500.0,IV,FREG,"(0.984313725490196, 0.6039215686274509, 0.6, 1.0)","(0.984313725490196, 0.6039215686274509, 0.6, 1.0)"
IV.FVI.,12.7804,46.59658,1024.0,IV,FVI,"(0.984313725490196, 0.6039215686274509, 0.6, 1.0)","(0.984313725490196, 0.6039215686274509, 0.6, 1.0)"
IV.IMOL.,11.74248,44.35955,27.0,IV,IMOL,"(0.984313725490196, 0.6039215686274509, 0.6, 1.0)","(0.984313725490196, 0.6039215686274509, 0.6, 1.0)"
IV.MABI.,10.514,46.05492,1853.0,IV,MABI,"(0.984313725490196, 0.6039215686274509, 0.6, 1.0)","(0.8901960784313725, 0.10196078431372549, 0.10980392156862745, 1.0)"
IV.MAGA.,10.6286,45.7753,1265.0,IV,MAGA,"(0.984313725490196, 0.6039215686274509, 0.6, 1.0)","(0.8901960784313725, 0.10196078431372549, 0.10980392156862745, 1.0)"
IV.MBAL.,10.858943,45.697536,1215.0,IV,MBAL,"(0.984313725490196, 0.6039215686274509, 0.6, 1.0)","(0.8901960784313725, 0.10196078431372549, 0.10980392156862745, 1.0)"
IV.MDI.,9.716,45.76972,954.0,IV,MDI,"(0.984313725490196, 0.6039215686274509, 0.6, 1.0)","(0.8901960784313725, 0.10196078431372549, 0.10980392156862745, 1.0)"
IV.MNTV.,10.7897,45.1495,36.0,IV,MNTV,"(0.984313725490196, 0.6039215686274509, 0.6, 1.0)","(0.9921568627450981, 0.7490196078431373, 0.43529411764705883, 1.0)"
IV.MODE.,10.949167,44.629722,41.0,IV,MODE,"(0.984313725490196, 0.6039215686274509, 0.6, 1.0)","(0.9921568627450981, 0.7490196078431373, 0.43529411764705883, 1.0)"
IV.MSSA.,9.51739,44.31625,930.0,IV,MSSA,"(0.984313725490196, 0.6039215686274509, 0.6, 1.0)","(0.9921568627450981, 0.7490196078431373, 0.43529411764705883, 1.0)"
IV.MTRZ.,11.4248,44.3128,570.0,IV,MTRZ,"(0.984313725490196, 0.6039215686274509, 0.6, 1.0)","(0.9921568627450981, 0.7490196078431373, 0.43529411764705883, 1.0)"
IV.NDIM.,10.8987,44.8873,19.0,IV,NDIM,"(0.984313725490196, 0.6039215686274509, 0.6, 1.0)","(0.9921568627450981, 0.7490196078431373, 0.43529411764705883, 1.0)"
IV.NEVI.,10.3163,44.5834,480.0,IV,NEVI,"(0.984313725490196, 0.6039215686274509, 0.6, 1.0)","(0.9921568627450981, 0.7490196078431373, 0.43529411764705883, 1.0)"
IV.OPPE.,11.1724,45.3082,20.0,IV,OPPE,"(0.984313725490196, 0.6039215686274509, 0.6, 1.0)","(1.0, 0.4980392156862745, 0.0, 1.0)"
IV.ORZI.,9.9307,45.4056,83.0,IV,ORZI,"(0.984313725490196, 0.6039215686274509, 0.6, 1.0)","(1.0, 0.4980392156862745, 0.0, 1.0)"
IV.PCN.,9.7247,45.0353,55.0,IV,PCN,"(0.984313725490196, 0.6039215686274509, 0.6, 1.0)","(1.0, 0.4980392156862745, 0.0, 1.0)"
IV.PRMA.,10.31311,44.76374,78.0,IV,PRMA,"(0.984313725490196, 0.6039215686274509, 0.6, 1.0)","(0.792156862745098, 0.6980392156862745, 0.8392156862745098, 1.0)"
IV.PTCC.,13.354,46.4075,700.0,IV,PTCC,"(0.984313725490196, 0.6039215686274509, 0.6, 1.0)","(0.792156862745098, 0.6980392156862745, 0.8392156862745098, 1.0)"
IV.RAVA.,11.1188,44.75587,15.0,IV,RAVA,"(0.984313725490196, 0.6039215686274509, 0.6, 1.0)","(0.792156862745098, 0.6980392156862745, 0.8392156862745098, 1.0)"
IV.ROVR.,11.0721,45.6468,1316.0,IV,ROVR,"(0.984313725490196, 0.6039215686274509, 0.6, 1.0)","(0.792156862745098, 0.6980392156862745, 0.8392156862745098, 1.0)"
IV.SAL.,10.525968,45.607609,94.0,IV,SAL,"(0.984313725490196, 0.6039215686274509, 0.6, 1.0)","(0.792156862745098, 0.6980392156862745, 0.8392156862745098, 1.0)"
IV.SANR.,11.6099,45.64,51.0,IV,SANR,"(0.984313725490196, 0.6039215686274509, 0.6, 1.0)","(0.792156862745098, 0.6980392156862745, 0.8392156862745098, 1.0)"
IV.SBPO.,10.91987,45.05108,10.0,IV,SBPO,"(0.984313725490196, 0.6039215686274509, 0.6, 1.0)","(0.41568627450980394, 0.23921568627450981, 0.6039215686274509, 1.0)"
IV.SERM.,11.29582,45.00997,7.0,IV,SERM,"(0.984313725490196, 0.6039215686274509, 0.6, 1.0)","(0.41568627450980394, 0.23921568627450981, 0.6039215686274509, 1.0)"
IV.SGAL.,10.31064,45.563555,460.0,IV,SGAL,"(0.984313725490196, 0.6039215686274509, 0.6, 1.0)","(0.41568627450980394, 0.23921568627450981, 0.6039215686274509, 1.0)"
IV.STAL.,12.7104,46.2601,625.0,IV,STAL,"(0.984313725490196, 0.6039215686274509, 0.6, 1.0)","(1.0, 1.0, 0.6, 1.0)"
IV.TEOL.,11.673889,45.361667,370.0,IV,TEOL,"(0.984313725490196, 0.6039215686274509, 0.6, 1.0)","(1.0, 1.0, 0.6, 1.0)"
IV.TREG.,11.1606,45.523,342.0,IV,TREG,"(0.984313725490196, 0.6039215686274509, 0.6, 1.0)","(1.0, 1.0, 0.6, 1.0)"
IV.VENL.,12.3765,45.4167,4.0,IV,VENL,"(0.984313725490196, 0.6039215686274509, 0.6, 1.0)","(0.6941176470588235, 0.34901960784313724, 0.1568627450980392, 1.0)"
IV.VMAN.,10.6628,45.3135,64.0,IV,VMAN,"(0.984313725490196, 0.6039215686274509, 0.6, 1.0)","(0.6941176470588235, 0.34901960784313724, 0.1568627450980392, 1.0)"
IV.VOBA.,10.504,45.6429,292.0,IV,VOBA,"(0.984313725490196, 0.6039215686274509, 0.6, 1.0)","(0.6941176470588235, 0.34901960784313724, 0.1568627450980392, 1.0)"
IV.ZCCA.,10.9765,44.35085,700.0,IV,ZCCA,"(0.984313725490196, 0.6039215686274509, 0.6, 1.0)","(0.6941176470588235, 0.34901960784313724, 0.1568627450980392, 1.0)"
IV.ZEN8.,10.7319,45.6378,596.0,IV,ZEN8,"(0.984313725490196, 0.6039215686274509, 0.6, 1.0)","(0.6941176470588235, 0.34901960784313724, 0.1568627450980392, 1.0)"
IV.ZOVE.,11.4876,45.4536,376.0,IV,ZOVE,"(0.984313725490196, 0.6039215686274509, 0.6, 1.0)","(0.6941176470588235, 0.34901960784313724, 0.1568627450980392, 1.0)"
MN.TRI.,13.7642,45.709,161.0,MN,TRI,"(0.984313725490196, 0.6039215686274509, 0.6, 1.0)","(1.0, 1.0, 0.6, 1.0)"
NI.DST2.,13.8013,45.6589,80.0,NI,DST2,"(0.8901960784313725, 0.10196078431372549, 0.10980392156862745, 1.0)","(0.2, 0.6274509803921569, 0.17254901960784313, 1.0)"
NI.PALA.,12.924,46.245,1280.0,NI,PALA,"(0.8901960784313725, 0.10196078431372549, 0.10980392156862745, 1.0)","(1.0, 0.4980392156862745, 0.0, 1.0)"
NI.POLC.,12.5005,46.0266,150.0,NI,POLC,"(0.8901960784313725, 0.10196078431372549, 0.10980392156862745, 1.0)","(1.0, 0.4980392156862745, 0.0, 1.0)"
NI.PURA.,12.7419,46.4258,1420.0,NI,PURA,"(0.8901960784313725, 0.10196078431372549, 0.10980392156862745, 1.0)","(0.792156862745098, 0.6980392156862745, 0.8392156862745098, 1.0)"
NI.VINO.,13.281,46.256,608.0,NI,VINO,"(0.8901960784313725, 0.10196078431372549, 0.10980392156862745, 1.0)","(0.6941176470588235, 0.34901960784313724, 0.1568627450980392, 1.0)"
OE.ABTA.,12.5123,46.7474,1041.0,OE,ABTA,"(0.9921568627450981, 0.7490196078431373, 0.43529411764705883, 1.0)","(0.6509803921568628, 0.807843137254902, 0.8901960784313725, 1.0)"
OE.DAVA.,9.8803,47.2867,1602.0,OE,DAVA,"(0.9921568627450981, 0.7490196078431373, 0.43529411764705883, 1.0)","(0.2, 0.6274509803921569, 0.17254901960784313, 1.0)"
OE.FETA.,10.7291,47.0211,1632.0,OE,FETA,"(0.9921568627450981, 0.7490196078431373, 0.43529411764705883, 1.0)","(0.984313725490196, 0.6039215686274509, 0.6, 1.0)"
OE.KBA.,13.3447,47.0784,1721.0,OE,KBA,"(0.9921568627450981, 0.7490196078431373, 0.43529411764705883, 1.0)","(0.8901960784313725, 0.10196078431372549, 0.10980392156862745, 1.0)"
OE.LESA.,12.677,47.4243,1029.5,OE,LESA,"(0.9921568627450981, 0.7490196078431373, 0.43529411764705883, 1.0)","(0.8901960784313725, 0.10196078431372549, 0.10980392156862745, 1.0)"
OE.MOTA.,11.1037,47.3448,1575.0,OE,MOTA,"(0.9921568627450981, 0.7490196078431373, 0.43529411764705883, 1.0)","(0.9921568627450981, 0.7490196078431373, 0.43529411764705883, 1.0)"
OE.MYKA.,13.6416,46.6299,909.0,OE,MYKA,"(0.9921568627450981, 0.7490196078431373, 0.43529411764705883, 1.0)","(0.9921568627450981, 0.7490196078431373, 0.43529411764705883, 1.0)"
OE.RETA.,10.7623,47.4871,965.0,OE,RETA,"(0.9921568627450981, 0.7490196078431373, 0.43529411764705883, 1.0)","(0.792156862745098, 0.6980392156862745, 0.8392156862745098, 1.0)"
OE.SQTA.,11.2087,47.2205,1307.0,OE,SQTA,"(0.9921568627450981, 0.7490196078431373, 0.43529411764705883, 1.0)","(1.0, 1.0, 0.6, 1.0)"
OE.WATA.,11.5763,47.3357,1492.0,OE,WATA,"(0.9921568627450981, 0.7490196078431373, 0.43529411764705883, 1.0)","(0.6941176470588235, 0.34901960784313724, 0.1568627450980392, 1.0)"
OE.WTTA.,11.6363,47.2638,1764.0,OE,WTTA,"(0.9921568627450981, 0.7490196078431373, 0.43529411764705883, 1.0)","(0.6941176470588235, 0.34901960784313724, 0.1568627450980392, 1.0)"
OX.ACOM.,13.5149,46.5479,1715.0,OX,ACOM,"(1.0, 0.4980392156862745, 0.0, 1.0)","(0.6509803921568628, 0.807843137254902, 0.8901960784313725, 1.0)"
OX.ADRI.,12.0166,45.0378,1.0,OX,ADRI,"(1.0, 0.4980392156862745, 0.0, 1.0)","(0.6509803921568628, 0.807843137254902, 0.8901960784313725, 1.0)"
OX.AFL.,12.1755,46.5283,2235.0,OX,AFL,"(1.0, 0.4980392156862745, 0.0, 1.0)","(0.6509803921568628, 0.807843137254902, 0.8901960784313725, 1.0)"
OX.AGOR.,12.0472,46.2829,631.0,OX,AGOR,"(1.0, 0.4980392156862745, 0.0, 1.0)","(0.6509803921568628, 0.807843137254902, 0.8901960784313725, 1.0)"
OX.APGO.,12.363,46.1516,598.0,OX,APGO,"(1.0, 0.4980392156862745, 0.0, 1.0)","(0.6509803921568628, 0.807843137254902, 0.8901960784313725, 1.0)"
OX.BAD.,13.2438,46.234,590.0,OX,BAD,"(1.0, 0.4980392156862745, 0.0, 1.0)","(0.6509803921568628, 0.807843137254902, 0.8901960784313725, 1.0)"
OX.BALD.,10.8187,45.683,1911.0,OX,BALD,"(1.0, 0.4980392156862745, 0.0, 1.0)","(0.6509803921568628, 0.807843137254902, 0.8901960784313725, 1.0)"
OX.BOO.,13.0984,46.3195,444.0,OX,BOO,"(1.0, 0.4980392156862745, 0.0, 1.0)","(0.12156862745098039, 0.47058823529411764, 0.7058823529411765, 1.0)"
OX.BUA.,13.1227,46.2167,320.0,OX,BUA,"(1.0, 0.4980392156862745, 0.0, 1.0)","(0.12156862745098039, 0.47058823529411764, 0.7058823529411765, 1.0)"
OX.CAE.,12.4379,46.009,870.0,OX,CAE,"(1.0, 0.4980392156862745, 0.0, 1.0)","(0.12156862745098039, 0.47058823529411764, 0.7058823529411765, 1.0)"
OX.CEKR.,11.5685,45.8492,1365.0,OX,CEKR,"(1.0, 0.4980392156862745, 0.0, 1.0)","(0.12156862745098039, 0.47058823529411764, 0.7058823529411765, 1.0)"
OX.CIMO.,12.4448,46.3116,710.0,OX,CIMO,"(1.0, 0.4980392156862745, 0.0, 1.0)","(0.6980392156862745, 0.8745098039215686, 0.5411764705882353, 1.0)"
OX.CLUD.,12.8814,46.4569,635.0,OX,CLUD,"(1.0, 0.4980392156862745, 0.0, 1.0)","(0.6980392156862745, 0.8745098039215686, 0.5411764705882353, 1.0)"
OX.COLI.,13.377,46.1322,250.0,OX,COLI,"(1.0, 0.4980392156862745, 0.0, 1.0)","(0.6980392156862745, 0.8745098039215686, 0.5411764705882353, 1.0)"
OX.CSM.,12.6515,46.5125,1635.0,OX,CSM,"(1.0, 0.4980392156862745, 0.0, 1.0)","(0.6980392156862745, 0.8745098039215686, 0.5411764705882353, 1.0)"
OX.CSO.,12.3228,46.2724,1060.0,OX,CSO,"(1.0, 0.4980392156862745, 0.0, 1.0)","(0.6980392156862745, 0.8745098039215686, 0.5411764705882353, 1.0)"
OX.DRE.,13.645,46.1733,810.0,OX,DRE,"(1.0, 0.4980392156862745, 0.0, 1.0)","(0.2, 0.6274509803921569, 0.17254901960784313, 1.0)"
OX.FUSE.,13.0011,46.4142,520.0,OX,FUSE,"(1.0, 0.4980392156862745, 0.0, 1.0)","(0.984313725490196, 0.6039215686274509, 0.6, 1.0)"
OX.GARG.,10.6619,45.6902,1003.0,OX,GARG,"(1.0, 0.4980392156862745, 0.0, 1.0)","(0.984313725490196, 0.6039215686274509, 0.6, 1.0)"
OX.GAVI.,10.4578,45.92,1500.0,OX,GAVI,"(1.0, 0.4980392156862745, 0.0, 1.0)","(0.984313725490196, 0.6039215686274509, 0.6, 1.0)"
OX.GAZZ.,11.095,45.1134,12.0,OX,GAZZ,"(1.0, 0.4980392156862745, 0.0, 1.0)","(0.984313725490196, 0.6039215686274509, 0.6, 1.0)"
OX.IESO.,12.5464,45.5178,0.0,OX,IESO,"(1.0, 0.4980392156862745, 0.0, 1.0)","(0.984313725490196, 0.6039215686274509, 0.6, 1.0)"
OX.LSR.,13.5269,46.475,1755.0,OX,LSR,"(1.0, 0.4980392156862745, 0.0, 1.0)","(0.8901960784313725, 0.10196078431372549, 0.10980392156862745, 1.0)"
OX.MARN.,11.2099,45.6378,785.0,OX,MARN,"(1.0, 0.4980392156862745, 0.0, 1.0)","(0.8901960784313725, 0.10196078431372549, 0.10980392156862745, 1.0)"
OX.MGBU.,11.7813,45.9041,1518.0,OX,MGBU,"(1.0, 0.4980392156862745, 0.0, 1.0)","(0.8901960784313725, 0.10196078431372549, 0.10980392156862745, 1.0)"
OX.MLN.,12.6154,46.1495,814.0,OX,MLN,"(1.0, 0.4980392156862745, 0.0, 1.0)","(0.9921568627450981, 0.7490196078431373, 0.43529411764705883, 1.0)"
OX.MPRI.,12.9877,46.2408,762.0,OX,MPRI,"(1.0, 0.4980392156862745, 0.0, 1.0)","(0.9921568627450981, 0.7490196078431373, 0.43529411764705883, 1.0)"
OX.MTLO.,12.0991,45.8136,350.0,OX,MTLO,"(1.0, 0.4980392156862745, 0.0, 1.0)","(0.9921568627450981, 0.7490196078431373, 0.43529411764705883, 1.0)"
OX.PLRO.,13.1481,46.5491,1410.0,OX,PLRO,"(1.0, 0.4980392156862745, 0.0, 1.0)","(1.0, 0.4980392156862745, 0.0, 1.0)"
OX.PRED.,13.565,46.4428,902.0,OX,PRED,"(1.0, 0.4980392156862745, 0.0, 1.0)","(0.792156862745098, 0.6980392156862745, 0.8392156862745098, 1.0)"
OX.SABO.,13.6337,45.9875,575.0,OX,SABO,"(1.0, 0.4980392156862745, 0.0, 1.0)","(0.792156862745098, 0.6980392156862745, 0.8392156862745098, 1.0)"
OX.STIN.,12.7718,45.7148,1.0,OX,STIN,"(1.0, 0.4980392156862745, 0.0, 1.0)","(1.0, 1.0, 0.6, 1.0)"
OX.TLI.,13.1032,45.9209,0.0,OX,TLI,"(1.0, 0.4980392156862745, 0.0, 1.0)","(1.0, 1.0, 0.6, 1.0)"
OX.TRES.,10.5227,45.4853,192.0,OX,TRES,"(1.0, 0.4980392156862745, 0.0, 1.0)","(1.0, 1.0, 0.6, 1.0)"
OX.VARN.,12.1048,45.9933,1265.0,OX,VARN,"(1.0, 0.4980392156862745, 0.0, 1.0)","(0.6941176470588235, 0.34901960784313724, 0.1568627450980392, 1.0)"
OX.ZOU.,12.9736,46.5572,1895.0,OX,ZOU,"(1.0, 0.4980392156862745, 0.0, 1.0)","(0.6941176470588235, 0.34901960784313724, 0.1568627450980392, 1.0)"
RF.CARC.,13.77,45.6526,0.0,RF,CARC,"(1.0, 0.4980392156862745, 0.0, 1.0)","(0.12156862745098039, 0.47058823529411764, 0.7058823529411765, 1.0)"
RF.CESC.,13.0572,46.3557,355.0,RF,CESC,"(1.0, 0.4980392156862745, 0.0, 1.0)","(0.12156862745098039, 0.47058823529411764, 0.7058823529411765, 1.0)"
RF.GEDE.,13.1247,46.2544,232.0,RF,GEDE,"(1.0, 0.4980392156862745, 0.0, 1.0)","(0.984313725490196, 0.6039215686274509, 0.6, 1.0)"
RF.GEPF.,13.1385,46.2752,255.0,RF,GEPF,"(1.0, 0.4980392156862745, 0.0, 1.0)","(0.984313725490196, 0.6039215686274509, 0.6, 1.0)"
RF.GESC.,13.1409,46.2819,373.0,RF,GESC,"(1.0, 0.4980392156862745, 0.0, 1.0)","(0.984313725490196, 0.6039215686274509, 0.6, 1.0)"
RF.GORI.,13.6308,45.9403,141.0,RF,GORI,"(1.0, 0.4980392156862745, 0.0, 1.0)","(0.984313725490196, 0.6039215686274509, 0.6, 1.0)"
RF.MASA.,13.4313,46.1722,693.0,RF,MASA,"(1.0, 0.4980392156862745, 0.0, 1.0)","(0.8901960784313725, 0.10196078431372549, 0.10980392156862745, 1.0)"
RF.MOGG.,13.1885,46.4048,371.0,RF,MOGG,"(1.0, 0.4980392156862745, 0.0, 1.0)","(0.9921568627450981, 0.7490196078431373, 0.43529411764705883, 1.0)"
RF.MONF.,13.5356,45.8113,38.0,RF,MONF,"(1.0, 0.4980392156862745, 0.0, 1.0)","(0.9921568627450981, 0.7490196078431373, 0.43529411764705883, 1.0)"
RF.PALM.,13.3339,45.911,97.0,RF,PALM,"(1.0, 0.4980392156862745, 0.0, 1.0)","(1.0, 0.4980392156862745, 0.0, 1.0)"
RF.PAUL.,13.1162,46.5302,640.0,RF,PAUL,"(1.0, 0.4980392156862745, 0.0, 1.0)","(1.0, 0.4980392156862745, 0.0, 1.0)"
RF.POR.,12.6808,45.9524,94.0,RF,POR,"(1.0, 0.4980392156862745, 0.0, 1.0)","(0.792156862745098, 0.6980392156862745, 0.8392156862745098, 1.0)"
RF.PRAD.,12.8873,46.2476,586.0,RF,PRAD,"(1.0, 0.4980392156862745, 0.0, 1.0)","(0.792156862745098, 0.6980392156862745, 0.8392156862745098, 1.0)"
RF.STOL.,13.3546,46.3605,586.0,RF,STOL,"(1.0, 0.4980392156862745, 0.0, 1.0)","(1.0, 1.0, 0.6, 1.0)"
S.KSCHR.,9.5363,46.8486,632.0,S,KSCHR,"(0.792156862745098, 0.6980392156862745, 0.8392156862745098, 1.0)","(0.8901960784313725, 0.10196078431372549, 0.10980392156862745, 1.0)"
SI.ABSI.,11.3205,46.7285,1801.0,SI,ABSI,"(0.792156862745098, 0.6980392156862745, 0.8392156862745098, 1.0)","(0.6509803921568628, 0.807843137254902, 0.8901960784313725, 1.0)"
SI.BOSI.,11.3185,46.4952,242.0,SI,BOSI,"(0.792156862745098, 0.6980392156862745, 0.8392156862745098, 1.0)","(0.12156862745098039, 0.47058823529411764, 0.7058823529411765, 1.0)"
SI.KOSI.,11.3778,46.463,1604.0,SI,KOSI,"(0.792156862745098, 0.6980392156862745, 0.8392156862745098, 1.0)","(0.8901960784313725, 0.10196078431372549, 0.10980392156862745, 1.0)"
SI.LUSI.,10.9436,45.9595,860.0,SI,LUSI,"(0.792156862745098, 0.6980392156862745, 0.8392156862745098, 1.0)","(0.8901960784313725, 0.10196078431372549, 0.10980392156862745, 1.0)"
SI.MOSI.,10.5495,46.6164,1957.0,SI,MOSI,"(0.792156862745098, 0.6980392156862745, 0.8392156862745098, 1.0)","(0.9921568627450981, 0.7490196078431373, 0.43529411764705883, 1.0)"
SI.ROSI.,11.4118,46.9281,1917.0,SI,ROSI,"(0.792156862745098, 0.6980392156862745, 0.8392156862745098, 1.0)","(0.792156862745098, 0.6980392156862745, 0.8392156862745098, 1.0)"
SL.CADS.,13.7368,46.2281,751.0,SL,CADS,"(0.41568627450980394, 0.23921568627450981, 0.6039215686274509, 1.0)","(0.12156862745098039, 0.47058823529411764, 0.7058823529411765, 1.0)"
SL.CEY.,14.4221,45.7381,579.0,SL,CEY,"(0.41568627450980394, 0.23921568627450981, 0.6039215686274509, 1.0)","(0.6980392156862745, 0.8745098039215686, 0.5411764705882353, 1.0)"
SL.CRNS.,14.2613,46.0807,712.0,SL,CRNS,"(0.41568627450980394, 0.23921568627450981, 0.6039215686274509, 1.0)","(0.6980392156862745, 0.8745098039215686, 0.5411764705882353, 1.0)"
SL.GBAS.,14.4434,45.9348,524.7,SL,GBAS,"(0.41568627450980394, 0.23921568627450981, 0.6039215686274509, 1.0)","(0.984313725490196, 0.6039215686274509, 0.6, 1.0)"
SL.GBRS.,14.8101,45.5311,610.2,SL,GBRS,"(0.41568627450980394, 0.23921568627450981, 0.6039215686274509, 1.0)","(0.984313725490196, 0.6039215686274509, 0.6, 1.0)"
SL.GORS.,13.9999,46.3174,1048.0,SL,GORS,"(0.41568627450980394, 0.23921568627450981, 0.6039215686274509, 1.0)","(0.984313725490196, 0.6039215686274509, 0.6, 1.0)"
SL.JAVS.,14.0643,45.8934,1100.0,SL,JAVS,"(0.41568627450980394, 0.23921568627450981, 0.6039215686274509, 1.0)","(0.8901960784313725, 0.10196078431372549, 0.10980392156862745, 1.0)"
SL.KNDS.,14.3807,45.5278,1035.0,SL,KNDS,"(0.41568627450980394, 0.23921568627450981, 0.6039215686274509, 1.0)","(0.8901960784313725, 0.10196078431372549, 0.10980392156862745, 1.0)"
SL.LJU.,14.5278,46.0438,396.0,SL,LJU,"(0.41568627450980394, 0.23921568627450981, 0.6039215686274509, 1.0)","(0.8901960784313725, 0.10196078431372549, 0.10980392156862745, 1.0)"
SL.MOZS.,14.4433,46.2941,660.0,SL,MOZS,"(0.41568627450980394, 0.23921568627450981, 0.6039215686274509, 1.0)","(0.9921568627450981, 0.7490196078431373, 0.43529411764705883, 1.0)"
SL.PDKS.,14.9977,46.0612,679.0,SL,PDKS,"(0.41568627450980394, 0.23921568627450981, 0.6039215686274509, 1.0)","(1.0, 0.4980392156862745, 0.0, 1.0)"
SL.ROBS.,13.5094,46.2445,245.0,SL,ROBS,"(0.41568627450980394, 0.23921568627450981, 0.6039215686274509, 1.0)","(0.792156862745098, 0.6980392156862745, 0.8392156862745098, 1.0)"
SL.SKDS.,14.0143,45.5464,552.0,SL,SKDS,"(0.41568627450980394, 0.23921568627450981, 0.6039215686274509, 1.0)","(0.41568627450980394, 0.23921568627450981, 0.6039215686274509, 1.0)"
SL.VISS.,14.8393,45.8033,399.0,SL,VISS,"(0.41568627450980394, 0.23921568627450981, 0.6039215686274509, 1.0)","(0.6941176470588235, 0.34901960784313724, 0.1568627450980392, 1.0)"
SL.VNDS.,14.7014,46.1016,531.0,SL,VNDS,"(0.41568627450980394, 0.23921568627450981, 0.6039215686274509, 1.0)","(0.6941176470588235, 0.34901960784313724, 0.1568627450980392, 1.0)"
SL.VOJS.,13.8877,46.0322,1072.0,SL,VOJS,"(0.41568627450980394, 0.23921568627450981, 0.6039215686274509, 1.0)","(0.6941176470588235, 0.34901960784313724, 0.1568627450980392, 1.0)"
ST.CARE.,10.6945,46.4252,2605.0,ST,CARE,"(1.0, 1.0, 0.6, 1.0)","(0.12156862745098039, 0.47058823529411764, 0.7058823529411765, 1.0)"
ST.DOSS.,11.1884,45.8808,1660.0,ST,DOSS,"(1.0, 1.0, 0.6, 1.0)","(0.2, 0.6274509803921569, 0.17254901960784313, 1.0)"
ST.GAGG.,10.9587,46.0835,1617.0,ST,GAGG,"(1.0, 1.0, 0.6, 1.0)","(0.984313725490196, 0.6039215686274509, 0.6, 1.0)"
ST.OZOL.,11.0518,46.404,1219.0,ST,OZOL,"(1.0, 1.0, 0.6, 1.0)","(1.0, 0.4980392156862745, 0.0, 1.0)"
ST.PANI.,11.3341,46.0501,1983.0,ST,PANI,"(1.0, 1.0, 0.6, 1.0)","(1.0, 0.4980392156862745, 0.0, 1.0)"
ST.RONC.,10.6228,45.9802,1913.0,ST,RONC,"(1.0, 1.0, 0.6, 1.0)","(0.792156862745098, 0.6980392156862745, 0.8392156862745098, 1.0)"
ST.VARA.,10.8965,45.826,1735.0,ST,VARA,"(1.0, 1.0, 0.6, 1.0)","(0.6941176470588235, 0.34901960784313724, 0.1568627450980392, 1.0)"
ST.ZIAN.,11.5632,46.2764,1154.0,ST,ZIAN,"(1.0, 1.0, 0.6, 1.0)","(0.6941176470588235, 0.34901960784313724, 0.1568627450980392, 1.0)"
ZO.PDN10.,10.8222,44.5117,235.0,ZO,PDN10,"(0.6941176470588235, 0.34901960784313724, 0.1568627450980392, 1.0)","(1.0, 0.4980392156862745, 0.0, 1.0)"
ZO.PDN13.,11.2214,45.6997,445.0,ZO,PDN13,"(0.6941176470588235, 0.34901960784313724, 0.1568627450980392, 1.0)","(1.0, 0.4980392156862745, 0.0, 1.0)"
ZO.PDN2.,10.876213,45.497535,124.0,ZO,PDN2,"(0.6941176470588235, 0.34901960784313724, 0.1568627450980392, 1.0)","(1.0, 0.4980392156862745, 0.0, 1.0)"
ZO.PDN3.,10.73769,45.81286,677.0,ZO,PDN3,"(0.6941176470588235, 0.34901960784313724, 0.1568627450980392, 1.0)","(1.0, 0.4980392156862745, 0.0, 1.0)"
ZO.PDN4.,10.525612,45.442867,160.0,ZO,PDN4,"(0.6941176470588235, 0.34901960784313724, 0.1568627450980392, 1.0)","(1.0, 0.4980392156862745, 0.0, 1.0)"
ZO.PDN7.,10.98358,45.52204,450.0,ZO,PDN7,"(0.6941176470588235, 0.34901960784313724, 0.1568627450980392, 1.0)","(1.0, 0.4980392156862745, 0.0, 1.0)"
ZO.PDN8.,10.82352,45.53971,150.0,ZO,PDN8,"(0.6941176470588235, 0.34901960784313724, 0.1568627450980392, 1.0)","(1.0, 0.4980392156862745, 0.0, 1.0)"
